method,ndcg10,ci_lo,ci_hi,ndcg100,mrr100,recall100,diff_vs_baseline,diff_ci_lo,diff_ci_hi,significant
BM25,0.6401179911167972,0.6311878948041147,0.6495552850458582,0.6672514777221277,0.6156371501113868,0.9120426923644744,-0.053541778420754214,-0.0595955966278358,-0.046809005814881385,True
Dense,0.5086261532262755,0.4992186509259576,0.5173649078061621,0.5433649945818603,0.4769069887154801,0.8446785154705947,-0.18503361631127607,-0.19420741720342719,-0.1770336617475163,True
RRF a=0.5,0.6877714496684971,0.680056802500514,0.6955236108356331,0.7095363127308834,0.6595993480361105,0.9531560894184656,-0.005888319869054399,-0.008632989009721495,-0.0033065675653420226,True
RRF a*=0.61 [BASELINE],0.6936597695375515,0.6855275374923924,0.7016775175162907,0.7141709609009801,0.6664825277861789,0.94995404302335,0.0,0.0,0.0,False
Score fusion a*=0.58,0.7285346708288278,0.7207701361709165,0.736728981404273,0.7454311085701892,0.7075253949056891,0.9483659675491358,0.03487490129127633,0.0315196587641019,0.03869643277706419,True
Borda a*=0.97,0.6668544108015452,0.6586829453071229,0.6757371074540294,0.6876729150998647,0.6407940236700566,0.9159930874039784,-0.026805358736006337,-0.031124700235977777,-0.022054572547829377,True
ROUTER (ours),0.7265013138482868,0.7186166928253858,0.7349281499414114,0.7437873565902918,0.7048423863590881,0.9508860409850509,0.03284154431073533,0.02879791728900119,0.03681420016321352,True
Oracle alpha,0.8150269730994739,0.8081703150181071,0.8221957677257136,0.8219820185835672,0.8119315934086803,0.9411495316198286,0.12136720356192252,0.11651351719115513,0.12662908656387742,True
