method,ndcg10,ci_lo,ci_hi,ndcg100,mrr100,recall100,diff_vs_baseline,diff_ci_lo,diff_ci_hi,significant
BM25,0.6401179911167972,0.6311878948041147,0.6495552850458582,0.6672514777221277,0.6156371501113868,0.9120426923644744,-0.026736419684747877,-0.03114381403381845,-0.022363911384112648,True
Dense,0.5086261532262755,0.4992186509259576,0.5173649078061621,0.5433649945818603,0.4769069887154801,0.8446785154705947,-0.15822825757526976,-0.16892281395911737,-0.14807902030796696,True
Borda a=0.5,0.6642791735238011,0.6556271426906918,0.6724744675960422,0.6928469440702688,0.6439069558797369,0.9462119426228337,-0.002575237277744123,-0.008743880639697901,0.0035233816201242626,False
Borda a*=0.97 [BASELINE],0.6668544108015452,0.6586829453071229,0.6757371074540294,0.6876729150998647,0.6407940236700566,0.9159930874039784,0.0,0.0,0.0,False
Score fusion a*=0.58,0.7285346708288278,0.7207701361709165,0.736728981404273,0.7454311085701892,0.7075253949056891,0.9483659675491358,0.06168026002728267,0.056631496391077826,0.06625725376333996,True
RRF a*=0.61,0.6936597695375515,0.6855275374923924,0.7016775175162907,0.7141709609009801,0.6664825277861789,0.94995404302335,0.026805358736006337,0.022054572547829377,0.031124700235977774,True
ROUTER (ours),0.7193935540938781,0.711579949906603,0.7273942576502129,0.7372131071895773,0.6975962749216086,0.9446908976611947,0.05253914329233295,0.046921432983039885,0.05781391811782162,True
Oracle alpha,0.8198441759268165,0.8134816154336193,0.8265087702758817,0.8254419488592026,0.8143082334466636,0.9462827235104462,0.1529897651252714,0.1465997489216141,0.15904843335676117,True
