method,ndcg10,ci_lo,ci_hi,ndcg100,mrr100,recall100,diff_vs_baseline,diff_ci_lo,diff_ci_hi,significant
BM25,0.6401179911167972,0.6311878948041147,0.6495552850458582,0.6672514777221277,0.6156371501113868,0.9120426923644744,-0.08841667971203054,-0.09416714927487502,-0.08266741788879184,True
Dense,0.5086261532262755,0.4992186509259576,0.5173649078061621,0.5433649945818603,0.4769069887154801,0.8446785154705947,-0.2199085176025524,-0.2295739599179515,-0.21166009302983668,True
Score fusion a=0.5,0.7189355713796739,0.7108829217111348,0.7267000683489133,0.736482958213316,0.6954118834828655,0.949947018511375,-0.009599099449153922,-0.012289003148657888,-0.0071899285421208395,True
Score fusion a*=0.58 [BASELINE],0.7285346708288278,0.7207701361709165,0.736728981404273,0.7454311085701892,0.7075253949056891,0.9483659675491358,0.0,0.0,0.0,False
Borda a*=0.97,0.6668544108015452,0.6586829453071229,0.6757371074540294,0.6876729150998647,0.6407940236700566,0.9159930874039784,-0.06168026002728267,-0.06625725376333996,-0.056631496391077826,True
RRF a*=0.61,0.6936597695375515,0.6855275374923924,0.7016775175162907,0.7141709609009801,0.6664825277861789,0.94995404302335,-0.03487490129127633,-0.03869643277706419,-0.0315196587641019,True
ROUTER (ours),0.737476004145817,0.7297645334894675,0.7455092503590907,0.7543901388358011,0.7173867132307313,0.9535963120121534,0.008941333316989227,0.006166222533859486,0.011743681512538295,True
Oracle alpha,0.8057347631459274,0.7989457617526914,0.8127922027762648,0.8128759660044099,0.7990955275002428,0.9421024840579295,0.07720009231709954,0.07371064641360472,0.08068212812551905,True
