{
  "dataset": "fever",
  "family": "extra_trees",
  "framing": "multibin",
  "params": {
    "n_estimators": 133,
    "max_depth": 5,
    "min_samples_leaf": 4,
    "max_features": 0.5581634329043031,
    "use_sample_weight": true,
    "decision_rule": "calibrated",
    "n_calib_bins": 10
  },
  "features": [
    "ql",
    "smv_dense",
    "d_entropy"
  ],
  "n_train": 109810,
  "dev_ndcg": 0.7429084181785583,
  "dev_constant": 0.7090825438499451,
  "dev_oracle": 0.8297466039657593,
  "gain_vs_constant": 0.03382598236203194,
  "gain_ci": [
    0.029780521569773555,
    0.03779077669605613
  ],
  "note": "FROZEN; section 9 opens test once."
}