method,ndcg10,ci_lo,ci_hi,ndcg100,mrr100,recall100,diff_vs_baseline,diff_ci_lo,diff_ci_hi,significant
BM25,0.23769987368278134,0.2140926080583255,0.2616677769892956,0.2996702530290124,0.3072149890530069,0.5362195888816259,-0.2687940892905951,-0.2938389103645403,-0.24462868192709808,True
Dense,0.499632541063815,0.47200152580330235,0.5284119147906892,0.5656394602483201,0.588613866711227,0.8196917066130028,-0.006861421909561446,-0.01318606557753103,-0.0005915576019593823,True
RRF a=0.5,0.4342233990114144,0.4070865809034738,0.4615488654579473,0.5130560578505372,0.5208304068654482,0.8001505053588387,-0.07227056396196206,-0.09018255484886666,-0.054605042459986826,True
RRF a*=0.05 [BASELINE],0.5064939629733765,0.47918492519373784,0.5348621156820615,0.5719268313907557,0.5926541858707615,0.8216207189586818,0.0,0.0,0.0,False
Score fusion a*=0.25,0.5128236697113294,0.48536892151282973,0.540977353404767,0.5791127273726207,0.5999489068347831,0.8314182645201165,0.006329706737952982,-0.0017167981863390087,0.013884310489005167,False
Borda a*=0.00,0.499632541063815,0.47200152580330235,0.5284119147906892,0.5656394602483201,0.588613866711227,0.8196917066130028,-0.006861421909561446,-0.01318606557753103,-0.0005915576019593823,True
ROUTER (ours),0.5078812206719908,0.48025236198427745,0.5376041974597097,0.5735909314317569,0.59691681820063,0.8221351222508632,0.001387257698614375,-0.0026844619567786554,0.005508114633864654,False
Oracle alpha,0.5860281753854771,0.5599862399365929,0.6137285940473153,0.6366738248237236,0.6959374210080598,0.8231088141967772,0.07953421241210062,0.06952598316330001,0.09032949222375601,True
