method,ndcg10,ci_lo,ci_hi,ndcg100,mrr100,recall100,diff_vs_baseline,diff_ci_lo,diff_ci_hi,significant
BM25,0.23769987368278134,0.2140926080583255,0.2616677769892956,0.2996702530290124,0.3072149890530069,0.5362195888816259,-0.2619326673810336,-0.28832914430100304,-0.2366384699991443,True
Dense,0.499632541063815,0.47200152580330235,0.5284119147906892,0.5656394602483201,0.588613866711227,0.8196917066130028,0.0,0.0,0.0,False
Borda a=0.5,0.4175512171185589,0.38886797977107973,0.44507812591186036,0.4754068372752711,0.5063780892217477,0.7098586427290131,-0.08208132394525602,-0.10417648363785871,-0.06039094593372695,True
Borda a*=0.00 [BASELINE],0.499632541063815,0.47200152580330235,0.5284119147906892,0.5656394602483201,0.588613866711227,0.8196917066130028,0.0,0.0,0.0,False
Score fusion a*=0.25,0.5128236697113294,0.48536892151282973,0.540977353404767,0.5791127273726207,0.5999489068347831,0.8314182645201165,0.013191128647514427,0.00228277284823316,0.02362167260781715,True
RRF a*=0.05,0.5064939629733765,0.47918492519373784,0.5348621156820615,0.5719268313907557,0.5926541858707615,0.8216207189586818,0.006861421909561446,0.0005915576019593817,0.01318606557753103,True
ROUTER (ours),0.49996982817785657,0.47257471710400406,0.5286404998295742,0.5657731132983668,0.5906805294780165,0.8150106366541552,0.00033728711404161385,-0.007335601258533742,0.00728337243789446,False
Oracle alpha,0.5933092189210921,0.5671418940306893,0.6207747380387676,0.640447378200895,0.7009055742545044,0.8215711157840787,0.09367667785727705,0.0812722150750594,0.10632545957537201,True
