method,ndcg10,ci_lo,ci_hi,ndcg100,mrr100,recall100,diff_vs_baseline,diff_ci_lo,diff_ci_hi,significant
BM25,0.23769987368278134,0.2140926080583255,0.2616677769892956,0.2996702530290124,0.3072149890530069,0.5362195888816259,-0.2751237960285481,-0.29854909300076415,-0.252078747537545,True
Dense,0.499632541063815,0.47200152580330235,0.5284119147906892,0.5656394602483201,0.588613866711227,0.8196917066130028,-0.013191128647514427,-0.023621672607817154,-0.00228277284823316,True
Score fusion a=0.5,0.45991066767624106,0.4323382851499827,0.4886686688151722,0.5311209543153484,0.5472312551961193,0.8038070554274258,-0.05291300203508832,-0.06401246929857109,-0.04099463092544032,True
Score fusion a*=0.25 [BASELINE],0.5128236697113294,0.48536892151282973,0.540977353404767,0.5791127273726207,0.5999489068347831,0.8314182645201165,0.0,0.0,0.0,False
Borda a*=0.00,0.499632541063815,0.47200152580330235,0.5284119147906892,0.5656394602483201,0.588613866711227,0.8196917066130028,-0.013191128647514427,-0.023621672607817154,-0.00228277284823316,True
RRF a*=0.05,0.5064939629733765,0.47918492519373784,0.5348621156820615,0.5719268313907557,0.5926541858707615,0.8216207189586818,-0.006329706737952982,-0.013884310489005168,0.0017167981863390074,False
ROUTER (ours),0.5145530649688099,0.4870667089192022,0.5425347619667512,0.5805189806933664,0.604485511168676,0.8289570897209788,0.001729395257480625,-0.004304575283283905,0.007691664151916402,False
Oracle alpha,0.5787484790558992,0.5521925679859958,0.6071224950130603,0.6293366149180722,0.6855698084812839,0.8212238935618565,0.06592480934456983,0.05789442164639714,0.07543925477575301,True
