method,ndcg10,ci_lo,ci_hi,ndcg100,mrr100,recall100,diff_vs_baseline,diff_ci_lo,diff_ci_hi,significant
BM25,0.6300374046062212,0.6240495120898645,0.6364553218467163,0.6661981739767225,0.8038300854667895,0.7949358541525996,-0.01521650264737003,-0.017807230349843117,-0.0127084748930317,True
Dense,0.39294452132978064,0.3852462210880041,0.40046387070999595,0.4329636802661085,0.529054241096281,0.5846049966239028,-0.2523093859238105,-0.26008824016827387,-0.24478531333122772,True
Borda a=0.5,0.5772360298866228,0.5703893612534503,0.5836321839655868,0.6278403321478007,0.7430902140640687,0.8106009453072248,-0.06801787736696839,-0.0735015918698008,-0.06297322261951104,True
Borda a*=0.99 [BASELINE],0.6452539072535912,0.6392789335924486,0.6514320820985493,0.6764729911146252,0.8133233949329407,0.7954085077650236,0.0,0.0,0.0,False
Score fusion a*=0.70,0.6747498455912576,0.6688559753822115,0.6805027609124427,0.7055022042213729,0.8465434798742839,0.8185685347738015,0.02949593833766643,0.02696573782753919,0.03227594812314441,True
RRF a*=0.85,0.6488253984804181,0.642924695777436,0.6546022435598342,0.6810922513132781,0.8155769279532114,0.8040513166779203,0.0035714912268268585,0.0017752570584064124,0.00533787347100364,True
ROUTER (ours),0.6551023093410467,0.64895041448807,0.660679047305218,0.6870908908004569,0.8309849331241141,0.8025658338960162,0.009848402087455417,0.006963917435349569,0.01262918727807512,True
Oracle alpha,0.7347277337448297,0.7291871071252983,0.7399876533907916,0.7451933444921603,0.9055374914444781,0.787643484132343,0.08947382649123846,0.08589869462503716,0.09287774179248769,True
