method,ndcg10,ci_lo,ci_hi,ndcg100,mrr100,recall100,diff_vs_baseline,diff_ci_lo,diff_ci_hi,significant
BM25,0.6300374046062212,0.6240495120898645,0.6364553218467163,0.6661981739767225,0.8038300854667895,0.7949358541525996,-0.01878799387419689,-0.02172094149078665,-0.015996066427987645,True
Dense,0.39294452132978064,0.3852462210880041,0.40046387070999595,0.4329636802661085,0.529054241096281,0.5846049966239028,-0.2558808771506374,-0.2633177305172761,-0.24862330806846478,True
RRF a=0.5,0.617914074691742,0.6117435228272159,0.6237280199553281,0.6548614916228388,0.7715195713003631,0.8130992572586091,-0.030911323788675983,-0.034861313228799776,-0.027358516353726735,True
RRF a*=0.85 [BASELINE],0.6488253984804181,0.642924695777436,0.6546022435598342,0.6810922513132781,0.8155769279532114,0.8040513166779203,0.0,0.0,0.0,False
Score fusion a*=0.70,0.6747498455912576,0.6688559753822115,0.6805027609124427,0.7055022042213729,0.8465434798742839,0.8185685347738015,0.025924447110839573,0.023637945700719174,0.028336355909864046,True
Borda a*=0.99,0.6452539072535912,0.6392789335924486,0.6514320820985493,0.6764729911146252,0.8133233949329407,0.7954085077650236,-0.0035714912268268585,-0.0053378734710036405,-0.0017752570584064129,True
ROUTER (ours),0.6634125277605694,0.6574030646466502,0.6690610923764353,0.6950335616607151,0.8408725050005071,0.8087103308575287,0.01458712928015141,0.012269078613094436,0.016926231592069085,True
Oracle alpha,0.7259441719891381,0.7204447903144766,0.7312266830596278,0.7389185042137261,0.902601981042018,0.7829169480081026,0.07711877350871997,0.07391551144717974,0.08020322150598291,True
