method,ndcg10,ci_lo,ci_hi,ndcg100,mrr100,recall100,diff_vs_baseline,diff_ci_lo,diff_ci_hi,significant
BM25,0.6300374046062212,0.6240495120898645,0.6364553218467163,0.6661981739767225,0.8038300854667895,0.7949358541525996,-0.044712440985036454,-0.04790314287846811,-0.0418466052165561,True
Dense,0.39294452132978064,0.3852462210880041,0.40046387070999595,0.4329636802661085,0.529054241096281,0.5846049966239028,-0.2818053242614769,-0.289330107290419,-0.2748908520611792,True
Score fusion a=0.5,0.6443436759364736,0.6384002474350682,0.6501437580697661,0.6768424677161388,0.8198549565531504,0.798919648885888,-0.03040616965478402,-0.03341799881787615,-0.027548499775213318,True
Score fusion a*=0.70 [BASELINE],0.6747498455912576,0.6688559753822115,0.6805027609124427,0.7055022042213729,0.8465434798742839,0.8185685347738015,0.0,0.0,0.0,False
Borda a*=0.99,0.6452539072535912,0.6392789335924486,0.6514320820985493,0.6764729911146252,0.8133233949329407,0.7954085077650236,-0.02949593833766643,-0.03227594812314441,-0.02696573782753919,True
RRF a*=0.85,0.6488253984804181,0.642924695777436,0.6546022435598342,0.6810922513132781,0.8155769279532114,0.8040513166779203,-0.025924447110839573,-0.028336355909864046,-0.023637945700719174,True
ROUTER (ours),0.6810131163382876,0.6753032931515925,0.6866180228384781,0.7114426984624501,0.8537957004612731,0.8220121539500338,0.006263270747029994,0.004696136427702849,0.007818037160914488,True
Oracle alpha,0.7237591969862173,0.7181379179632562,0.7290591022873567,0.7348745365010699,0.8961923091805505,0.7804186360567185,0.04900935139495967,0.046671470303813564,0.05143494928702421,True
