method,ndcg10,ci_lo,ci_hi,ndcg100,mrr100,recall100,diff_vs_baseline,diff_ci_lo,diff_ci_hi,significant
BM25,0.23004247619767995,0.22227251632907108,0.23748481488605971,0.28857491291168275,0.19654968174116352,0.6602554918815663,-0.17126503456659165,-0.18034349672844247,-0.16211491445983522,True
Dense,0.3972112940855878,0.38838245032829094,0.40635727971610563,0.4545360613996065,0.34711015575681453,0.8717287488061126,-0.004096216678683816,-0.006879697279526427,-0.0013785251147964697,True
Borda a=0.5,0.3472552266482685,0.33821115118883976,0.3562962489534303,0.4110770200156983,0.30341182347883283,0.8406876790830946,-0.05405228411600312,-0.060805608161105223,-0.04779848733429609,True
Borda a*=0.01 [BASELINE],0.4013075107642716,0.39252467421729825,0.4102638521593076,0.4578005852555298,0.34999523070601085,0.873961318051576,0.0,0.0,0.0,False
Score fusion a*=0.24,0.4122610238144455,0.40357217743975515,0.42136045561746593,0.4697537779828616,0.3599915110189248,0.8915472779369628,0.01095351305017389,0.0075465643245748205,0.01462954136728769,True
RRF a*=0.11,0.40149320638079944,0.3926946234964905,0.41031957686801923,0.45932054011087325,0.3500303248385652,0.8802650429799427,0.00018569561652780823,-0.0023142774061485297,0.0027068190063401863,False
ROUTER (ours),0.40219782887084354,0.3928676836080465,0.4114549235779425,0.45944024247221343,0.35086749771832293,0.8775549188156637,0.0008903181065719778,-0.001825358202681114,0.0034388106289094324,False
Oracle alpha,0.5377229680421645,0.5281373965180561,0.5471021023674726,0.5702367064213394,0.4858758642468082,0.8935052531041069,0.13641545727789275,0.1309711832852327,0.14158390107393543,True
