method,ndcg10,ci_lo,ci_hi,ndcg100,mrr100,recall100,diff_vs_baseline,diff_ci_lo,diff_ci_hi,significant
BM25,0.23004247619767995,0.22227251632907108,0.23748481488605971,0.28857491291168275,0.19654968174116352,0.6602554918815663,-0.18221854761676556,-0.19021889382576798,-0.17423882942182467,True
Dense,0.3972112940855878,0.38838245032829094,0.40635727971610563,0.4545360613996065,0.34711015575681453,0.8717287488061126,-0.015049729728857706,-0.019432385085358383,-0.01085563561374993,True
Score fusion a=0.5,0.38724320480926566,0.3785925590388209,0.39626515024948666,0.4478965829780415,0.3348782390824558,0.8859598853868195,-0.025017819005179822,-0.029617850472355493,-0.02079459408162702,True
Score fusion a*=0.24 [BASELINE],0.4122610238144455,0.40357217743975515,0.42136045561746593,0.4697537779828616,0.3599915110189248,0.8915472779369628,0.0,0.0,0.0,False
Borda a*=0.01,0.4013075107642716,0.39252467421729825,0.4102638521593076,0.4578005852555298,0.34999523070601085,0.873961318051576,-0.01095351305017389,-0.01462954136728769,-0.007546564324574821,True
RRF a*=0.11,0.40149320638079944,0.3926946234964905,0.41031957686801923,0.45932054011087325,0.3500303248385652,0.8802650429799427,-0.01076781743364608,-0.013870821658303271,-0.007561874423943516,True
ROUTER (ours),0.4149916943802482,0.4058498128781187,0.4244501813349515,0.4720435009341307,0.36224860091638206,0.8945558739255014,0.002730670565802693,0.0007127703607118673,0.0046388604925195935,True
Oracle alpha,0.5193618997296702,0.5097537239533135,0.5287967969046644,0.5559143819384293,0.46897828323722973,0.8912010506208213,0.10710087591522466,0.10268185563050414,0.11152918550039574,True
