method,ndcg10,ci_lo,ci_hi,ndcg100,mrr100,recall100,diff_vs_baseline,diff_ci_lo,diff_ci_hi,significant
BM25,0.23004247619767995,0.22227251632907108,0.23748481488605971,0.28857491291168275,0.19654968174116352,0.6602554918815663,-0.17145073018311952,-0.18000909956584127,-0.16293997576224722,True
Dense,0.3972112940855878,0.38838245032829094,0.40635727971610563,0.4545360613996065,0.34711015575681453,0.8717287488061126,-0.004281912295211624,-0.007630079919594507,-0.0007744704888285322,True
RRF a=0.5,0.36251524364912013,0.3541827595040821,0.3713984745439083,0.42922333813654456,0.3137354097465192,0.881864851957975,-0.03897796273167935,-0.04437109139404286,-0.03354498414259412,True
RRF a*=0.11 [BASELINE],0.40149320638079944,0.3926946234964905,0.41031957686801923,0.45932054011087325,0.3500303248385652,0.8802650429799427,0.0,0.0,0.0,False
Score fusion a*=0.24,0.4122610238144455,0.40357217743975515,0.42136045561746593,0.4697537779828616,0.3599915110189248,0.8915472779369628,0.01076781743364608,0.007561874423943515,0.01387082165830327,True
Borda a*=0.01,0.4013075107642716,0.39252467421729825,0.4102638521593076,0.4578005852555298,0.34999523070601085,0.873961318051576,-0.00018569561652780823,-0.0027068190063401867,0.002314277406148529,False
ROUTER (ours),0.4031409787331215,0.3945584024839595,0.4122883046987874,0.4602357333885478,0.3497278651888865,0.885243553008596,0.001647772352322068,-0.0003137368984897119,0.003755656543524333,False
Oracle alpha,0.524681484356605,0.5149904144562215,0.5340087215786035,0.5612064387529943,0.476386164909154,0.890305635148042,0.12318827797580548,0.11829165126352353,0.12836900769864587,True
