{
  "dataset": "msmarco",
  "family": "extra_trees",
  "framing": "multibin",
  "params": {
    "n_estimators": 133,
    "max_depth": 5,
    "min_samples_leaf": 4,
    "max_features": 0.5581634329043031,
    "use_sample_weight": true,
    "decision_rule": "calibrated",
    "n_calib_bins": 10
  },
  "features": [
    "ql",
    "smv_dense",
    "d_entropy"
  ],
  "n_train": 40000,
  "dev_ndcg": 0.39564764499664307,
  "dev_constant": 0.39502426981925964,
  "dev_oracle": 0.5105177164077759,
  "gain_vs_constant": 0.0006234145839698613,
  "gain_ci": [
    -0.00018005355886998586,
    0.0014528760279063134
  ],
  "dev_in_sample": true,
  "note": "FROZEN; section 9 opens test once."
}