method,ndcg10,ci_lo,ci_hi,ndcg100,mrr100,recall100,diff_vs_baseline,diff_ci_lo,diff_ci_hi,significant
BM25,0.3187093909265546,0.2859332008672211,0.3529079419838974,0.27967898687227466,0.5238892899672466,0.2498419054190738,-0.05564046167342833,-0.07007737430093716,-0.04221542728674646,True
Dense,0.33458346611931544,0.30124289409865024,0.36924721408307515,0.321495752607681,0.5271791025141886,0.3385265953690039,-0.03976638648066745,-0.054916785054601805,-0.025291494463738955,True
Score fusion a=0.5,0.37341006959546263,0.3387723359997358,0.4083832278857917,0.3499043570091545,0.5947363128183155,0.3438419972229176,-0.0009397830045202425,-0.003667084768672939,0.001925730069232512,False
Score fusion a*=0.45 [BASELINE],0.3743498525999829,0.3401265208456602,0.40883241550809163,0.351103540088689,0.5944587524715719,0.34583457713751986,0.0,0.0,0.0,False
Borda a*=0.01,0.3429584473000448,0.3097446373365431,0.37694423864138454,0.32665867835090745,0.5448112347514744,0.34118222186683733,-0.031391405299938106,-0.04492112003476414,-0.01906457631976617,True
RRF a*=0.29,0.35342423839561526,0.3187031333746461,0.38910491812348524,0.34016226868909066,0.5658452144497845,0.34625443975094417,-0.02092561420436763,-0.031157459803308724,-0.012065783283039666,True
ROUTER (ours),0.372700470781124,0.33869207960237724,0.4076425083013487,0.34922174446954696,0.5980174811547018,0.34291681358916143,-0.0016493818188588931,-0.008071816805242769,0.004913152644375944,False
Oracle alpha,0.4210739137254768,0.38698575614267977,0.45569960127250275,0.37207247770159196,0.6539880627543682,0.35384523628664266,0.04672406112549392,0.03852104511458707,0.056119189888474134,True
