method,ndcg10,ci_lo,ci_hi,ndcg100,mrr100,recall100,diff_vs_baseline,diff_ci_lo,diff_ci_hi,significant
BM25,0.3187093909265546,0.2859332008672211,0.3529079419838974,0.27967898687227466,0.5238892899672466,0.2498419054190738,-0.024249056373490212,-0.0459467784504361,-0.002253695431887215,True
Dense,0.33458346611931544,0.30124289409865024,0.36924721408307515,0.321495752607681,0.5271791025141886,0.3385265953690039,-0.008374981180729341,-0.013863440835703974,-0.002369379870563934,True
Borda a=0.5,0.3424348758749952,0.30589464038971154,0.3780609477938548,0.3062017696181987,0.5639702112523343,0.2859478591308965,-0.0005235714250495636,-0.014846286359444164,0.014651108540323284,False
Borda a*=0.01 [BASELINE],0.3429584473000448,0.3097446373365431,0.37694423864138454,0.32665867835090745,0.5448112347514744,0.34118222186683733,0.0,0.0,0.0,False
Score fusion a*=0.45,0.3743498525999829,0.3401265208456602,0.40883241550809163,0.351103540088689,0.5944587524715719,0.34583457713751986,0.031391405299938106,0.019064576319766168,0.04492112003476414,True
RRF a*=0.29,0.35342423839561526,0.3187031333746461,0.38910491812348524,0.34016226868909066,0.5658452144497845,0.34625443975094417,0.010465791095570475,0.001732339002184035,0.020178372015904746,True
ROUTER (ours),0.34774045684486193,0.3131729301083968,0.3819400076578346,0.30887754550461555,0.5610841189151118,0.28320426444552116,0.004782009544817171,-0.010934394817988122,0.021225895753285696,False
Oracle alpha,0.4268569596580883,0.3928645566122013,0.46153126314668197,0.3693984413255662,0.6623530315489036,0.35089156927356796,0.08389851235804344,0.0700196452363317,0.09928964928333861,True
