{
  "dataset": "nfcorpus",
  "family": "extra_trees",
  "framing": "multibin",
  "params": {
    "n_estimators": 133,
    "max_depth": 5,
    "min_samples_leaf": 4,
    "max_features": 0.5581634329043031,
    "use_sample_weight": true,
    "decision_rule": "calibrated",
    "n_calib_bins": 10
  },
  "features": [
    "ql",
    "smv_dense",
    "d_entropy"
  ],
  "n_train": 2590,
  "dev_ndcg": 0.3369366228580475,
  "dev_constant": 0.33421990275382996,
  "dev_oracle": 0.4057365655899048,
  "gain_vs_constant": 0.0027167450170964003,
  "gain_ci": [
    -0.00426428735954687,
    0.009512568870559332
  ],
  "note": "FROZEN; section 9 opens test once."
}