method,ndcg10,ci_lo,ci_hi,ndcg100,mrr100,recall100,diff_vs_baseline,diff_ci_lo,diff_ci_hi,significant
BM25,0.3187093909265546,0.2859332008672211,0.3529079419838974,0.27967898687227466,0.5238892899672466,0.2498419054190738,-0.034714847469060686,-0.053319630664855316,-0.016885103183647377,True
Dense,0.33458346611931544,0.30124289409865024,0.36924721408307515,0.321495752607681,0.5271791025141886,0.3385265953690039,-0.01884077227629982,-0.03094397344717145,-0.0072043241436580896,True
RRF a=0.5,0.35161220867742804,0.3169288374522546,0.38651713537649035,0.33227483614841374,0.5694967082398495,0.3317477884411805,-0.00181202971818725,-0.010628474624662465,0.007118323889721421,False
RRF a*=0.29 [BASELINE],0.35342423839561526,0.3187031333746461,0.38910491812348524,0.34016226868909066,0.5658452144497845,0.34625443975094417,0.0,0.0,0.0,False
Score fusion a*=0.45,0.3743498525999829,0.3401265208456602,0.40883241550809163,0.351103540088689,0.5944587524715719,0.34583457713751986,0.02092561420436763,0.012065783283039666,0.031157459803308724,True
Borda a*=0.01,0.3429584473000448,0.3097446373365431,0.37694423864138454,0.32665867835090745,0.5448112347514744,0.34118222186683733,-0.010465791095570475,-0.020178372015904753,-0.0017323390021840373,True
ROUTER (ours),0.35843703898698676,0.32491937667726684,0.3924475062863299,0.3367927219778711,0.5775661017857011,0.33508099126148216,0.005012800591371465,-0.0025338447756532165,0.013997112312330334,False
Oracle alpha,0.4234623405718666,0.38952604831630416,0.45803534200014207,0.36997462920609653,0.6605152150826042,0.3532587218738341,0.07003810217625128,0.05934183164014391,0.08194614991365369,True
