method,ndcg10,ci_lo,ci_hi,ndcg100,mrr100,recall100,diff_vs_baseline,diff_ci_lo,diff_ci_hi,significant
BM25,0.7870931672077082,0.7808663385296022,0.7932597817510428,0.8098220507786436,0.7802730143173803,0.974093983400951,-0.09833932362980663,-0.10364245213930326,-0.0931688761608459,True
Dense,0.87455012462504,0.8695861997509314,0.8791625503040058,0.887670067528404,0.8664722754447397,0.9955919283193918,-0.010882366212474796,-0.013064314336915534,-0.008530751527692084,True
Borda a=0.5,0.8722980450653566,0.8675378395835973,0.8772270375137668,0.8850799927798615,0.8679055441322793,0.9923770890123005,-0.013134445772158205,-0.016093661199088727,-0.010436263694918143,True
Borda a*=0.09 [BASELINE],0.8854324908375147,0.8807616026650196,0.8899704506095303,0.897362833839512,0.8789066524204332,0.9967370984830258,0.0,0.0,0.0,False
Score fusion a*=0.32,0.9012977120060929,0.8970210888864611,0.9054717182539326,0.9113904956496319,0.8959775943128466,0.9972323191698981,0.015865221168578057,0.013662617638010808,0.018193693118960432,True
RRF a*=0.26,0.8883702448281747,0.8838699901677352,0.8926122246548229,0.8994004867168506,0.88138494180202,0.9972545362508252,0.0029377539906599937,0.0012346470522941815,0.004580293168551442,True
ROUTER (ours),0.8823351153244366,0.8776543787257252,0.8867055853224157,0.8944060773974803,0.876009961261331,0.9953772849821029,-0.0030973755130781562,-0.005198932436823255,-0.0009621004513784,True
Oracle alpha,0.9351239394715769,0.9317677822095333,0.9385043660615224,0.9407321391907906,0.9347786295509691,0.9964916046718929,0.04969144863406192,0.047006291426941585,0.05274387140416594,True
