method,ndcg10,ci_lo,ci_hi,ndcg100,mrr100,recall100,diff_vs_baseline,diff_ci_lo,diff_ci_hi,significant
BM25,0.7870931672077082,0.7808663385296022,0.7932597817510428,0.8098220507786436,0.7802730143173803,0.974093983400951,-0.10127707762046663,-0.10599923981888738,-0.0964313280620228,True
Dense,0.87455012462504,0.8695861997509314,0.8791625503040058,0.887670067528404,0.8664722754447397,0.9955919283193918,-0.013820120203134788,-0.01650078320219744,-0.01099134864364361,True
RRF a=0.5,0.8763762896249864,0.8716513808131485,0.8811298711055975,0.8894330694137254,0.8709827131061606,0.9965829440659519,-0.01199395520318846,-0.014035712059421784,-0.009956372583595665,True
RRF a*=0.26 [BASELINE],0.8883702448281747,0.8838699901677352,0.8926122246548229,0.8994004867168506,0.88138494180202,0.9972545362508252,0.0,0.0,0.0,False
Score fusion a*=0.32,0.9012977120060929,0.8970210888864611,0.9054717182539326,0.9113904956496319,0.8959775943128466,0.9972323191698981,0.012927467177918064,0.011147532839071229,0.014896412528895248,True
Borda a*=0.09,0.8854324908375147,0.8807616026650196,0.8899704506095303,0.897362833839512,0.8789066524204332,0.9967370984830258,-0.0029377539906599937,-0.004580293168551442,-0.0012346470522941815,True
ROUTER (ours),0.8863426888717364,0.881912394455128,0.8909425753410984,0.8977995955788179,0.8805245337530352,0.9970132713293804,-0.002027555956438328,-0.003552421713723596,-0.0003230101707030693,True
Oracle alpha,0.9357686954073461,0.932406881458661,0.9391041714109101,0.9418298642379608,0.9364198077192061,0.9966574461422957,0.04739845057917131,0.04489752175618014,0.050198038547848156,True
