method,ndcg10,ci_lo,ci_hi,ndcg100,mrr100,recall100,diff_vs_baseline,diff_ci_lo,diff_ci_hi,significant
BM25,0.7870931672077082,0.7808663385296022,0.7932597817510428,0.8098220507786436,0.7802730143173803,0.974093983400951,-0.11420454479838468,-0.11878248715881282,-0.10960788117819419,True
Dense,0.87455012462504,0.8695861997509314,0.8791625503040058,0.887670067528404,0.8664722754447397,0.9955919283193918,-0.026747587381052845,-0.029564118410671796,-0.02386971499999582,True
Score fusion a=0.5,0.8922223960212315,0.887718681779653,0.8965352991610208,0.9035772448927369,0.887020622745716,0.9969280155052884,-0.009075315984861375,-0.010850735437312412,-0.007433863690890134,True
Score fusion a*=0.32 [BASELINE],0.9012977120060929,0.8970210888864611,0.9054717182539326,0.9113904956496319,0.8959775943128466,0.9972323191698981,0.0,0.0,0.0,False
Borda a*=0.09,0.8854324908375147,0.8807616026650196,0.8899704506095303,0.897362833839512,0.8789066524204332,0.9967370984830258,-0.015865221168578057,-0.018193693118960432,-0.01366261763801081,True
RRF a*=0.26,0.8883702448281747,0.8838699901677352,0.8926122246548229,0.8994004867168506,0.88138494180202,0.9972545362508252,-0.012927467177918064,-0.014896412528895248,-0.011147532839071229,True
ROUTER (ours),0.8985539468786891,0.8942577609019097,0.9027671403422612,0.9090277332436042,0.8930563011183871,0.9973158957849478,-0.0027437651274037672,-0.00394033438195898,-0.001641528181857601,True
Oracle alpha,0.9345701951042953,0.9311830374264941,0.9379389523200294,0.9407981551481198,0.934889437631777,0.9969926907835017,0.033272483098202396,0.03129531270567698,0.035345745800125096,True
