method,ndcg10,ci_lo,ci_hi,ndcg100,mrr100,recall100,diff_vs_baseline,diff_ci_lo,diff_ci_hi,significant
BM25,0.6752887735563026,0.6316834695614439,0.7188881962244212,0.7012872849751132,0.645313325576025,0.9113333333333332,-0.03387497331873856,-0.0543522360526717,-0.011718374704643693,True
Dense,0.6556969164934108,0.6089624368728938,0.7012503723465037,0.6891081728419993,0.6237115566525606,0.9416666666666667,-0.053466830381630255,-0.08331476839266407,-0.026075852498473353,True
Borda a=0.5,0.6990858874614031,0.6574439971529575,0.7403957296304261,0.7232568397847812,0.6630687102227498,0.9433333333333334,-0.010077859413637997,-0.023361593936632664,0.0023678222392568486,False
Borda a*=0.74 [BASELINE],0.709163746875041,0.6694679074460527,0.7491560725397526,0.7272524908172613,0.6721789660432832,0.9366666666666666,0.0,0.0,0.0,False
Score fusion a*=0.63,0.7323741042549642,0.6898869049601148,0.7725642959224484,0.7530515034146387,0.6985565931039559,0.9533333333333334,0.023210357379923233,0.007904525771271733,0.0371698294625909,True
RRF a*=0.73,0.7096833507257208,0.6680673380090424,0.7499988977239528,0.7304636205392135,0.6740686001973486,0.9466666666666667,0.0005196038506796622,-0.0070129202323214596,0.008342991075784402,False
ROUTER (ours),0.7112516546106558,0.666672900753474,0.7517053345652295,0.7375505664311861,0.6807933257581279,0.9516666666666667,0.002087907735614681,-0.020792685425264325,0.02405026486294764,False
Oracle alpha,0.8014042824677404,0.7661410791923338,0.8373577848338336,0.8143992267608162,0.7731190639497575,0.975,0.0922405355926994,0.07053698822830014,0.11364087006247126,True
