method,ndcg10,ci_lo,ci_hi,ndcg100,mrr100,recall100,diff_vs_baseline,diff_ci_lo,diff_ci_hi,significant
BM25,0.6752887735563026,0.6316834695614439,0.7188881962244212,0.7012872849751132,0.645313325576025,0.9113333333333332,-0.05708533069866179,-0.07505640999606572,-0.03966626903750251,True
Dense,0.6556969164934108,0.6089624368728938,0.7012503723465037,0.6891081728419993,0.6237115566525606,0.9416666666666667,-0.07667718776155347,-0.10887178986424623,-0.04603151248196307,True
Score fusion a=0.5,0.7401576062827719,0.6986780334510735,0.781345966777179,0.7641503298504391,0.7104949532532915,0.9666666666666667,0.007783502027807665,-0.0025445340303780184,0.018742811202843646,False
Score fusion a*=0.63 [BASELINE],0.7323741042549642,0.6898869049601148,0.7725642959224484,0.7530515034146387,0.6985565931039559,0.9533333333333334,0.0,0.0,0.0,False
Borda a*=0.74,0.709163746875041,0.6694679074460527,0.7491560725397526,0.7272524908172613,0.6721789660432832,0.9366666666666666,-0.023210357379923233,-0.0371698294625909,-0.007904525771271733,True
RRF a*=0.73,0.7096833507257208,0.6680673380090424,0.7499988977239528,0.7304636205392135,0.6740686001973486,0.9466666666666667,-0.022690753529243574,-0.034992778994679896,-0.010724951950290234,True
ROUTER (ours),0.7288921031126888,0.6885835398225764,0.7679248709648167,0.7497903732797452,0.693455438364979,0.9583333333333334,-0.003482001142275449,-0.016847910129218584,0.009782421815982536,False
Oracle alpha,0.7884736609659155,0.7507307519222076,0.8265555425068105,0.8030668022208067,0.7585713431520367,0.9716666666666667,0.056099556710951265,0.041956783434718134,0.0704883118813721,True
