{
  "dataset": "scifact",
  "family": "extra_trees",
  "framing": "multibin",
  "params": {
    "n_estimators": 133,
    "max_depth": 5,
    "min_samples_leaf": 4,
    "max_features": 0.5581634329043031,
    "use_sample_weight": true,
    "decision_rule": "calibrated",
    "n_calib_bins": 10
  },
  "features": [
    "ql",
    "smv_dense",
    "d_entropy"
  ],
  "n_train": 809,
  "dev_ndcg": 0.7334600687026978,
  "dev_constant": 0.7267506122589111,
  "dev_oracle": 0.8013703227043152,
  "gain_vs_constant": 0.006709471344947815,
  "gain_ci": [
    -0.0036767231009434908,
    0.017721536662429566
  ],
  "note": "FROZEN; section 9 opens test once."
}