method,ndcg10,ci_lo,ci_hi,ndcg100,mrr100,recall100,diff_vs_baseline,diff_ci_lo,diff_ci_hi,significant
BM25,0.6752887735563026,0.6316834695614439,0.7188881962244212,0.7012872849751132,0.645313325576025,0.9113333333333332,-0.03439457716941822,-0.05205460072812237,-0.015284335113304444,True
Dense,0.6556969164934108,0.6089624368728938,0.7012503723465037,0.6891081728419993,0.6237115566525606,0.9416666666666667,-0.05398643423230991,-0.08401378153951922,-0.025305612460638855,True
RRF a=0.5,0.7078773823285481,0.6662204675906805,0.7490219143223928,0.731765186873914,0.6678624462750692,0.965,-0.0018059683971727199,-0.016316359034129882,0.012708572221729508,False
RRF a*=0.73 [BASELINE],0.7096833507257208,0.6680673380090424,0.7499988977239528,0.7304636205392135,0.6740686001973486,0.9466666666666667,0.0,0.0,0.0,False
Score fusion a*=0.63,0.7323741042549642,0.6898869049601148,0.7725642959224484,0.7530515034146387,0.6985565931039559,0.9533333333333334,0.022690753529243574,0.01072495195029023,0.034992778994679896,True
Borda a*=0.74,0.709163746875041,0.6694679074460527,0.7491560725397526,0.7272524908172613,0.6721789660432832,0.9366666666666666,-0.0005196038506796622,-0.008342991075784402,0.007012920232321457,False
ROUTER (ours),0.7174029324110632,0.677514347429311,0.7562437356830308,0.7383588302988218,0.6805999359579514,0.9516666666666667,0.007719581685342497,-0.01276438999686374,0.029780914454856228,False
Oracle alpha,0.7952656826275997,0.7598095874654702,0.832677037215227,0.8098301854298758,0.7693821897128833,0.9683333333333334,0.08558233190187899,0.06411465945017443,0.10681005628814798,True
